<?xml version="1.0" encoding="UTF-8"?>
<!DOCTYPE mapper
        PUBLIC "-//mybatis.org//DTD Mapper 3.0//EN"
        "http://mybatis.org/dtd/mybatis-3-mapper.dtd">
 
 <mapper namespace="music">
 	<insert id="add" parameterType="kr.hs.study.model.dto.MusicDTO">
		insert into music(song_id, song_title, song_singer, song_genre, song_price, song_passwd, song_date) values(id.nextval, #{song_title}, #{song_singer}, #{song_genre}, #{song_price}, #{song_passwd}, #{song_date})
	</insert>
	<select id="search" resultType="kr.hs.study.model.dto.MusicDTO">
		select * from music where song_title = #{song_title}
	</select>
	<select id="list" resultType="kr.hs.study.model.dto.MusicDTO">
		select * from music order by song_id desc
	</select>
	<select id="select" resultType="kr.hs.study.model.dto.MusicDTO">
		select * from music where song_id=#{song_id}
	</select>
	<update id="update" parameterType="kr.hs.study.model.dto.MusicDTO">
		update music set song_title=#{song_title}, song_singer=#{song_singer}, song_genre=#{song_genre}, song_price=#{song_price}, song_passwd=#{song_passwd}, song_date=#{song_date} where song_id=#{song_id}
	</update>
	<delete id="delete">
		delete from music where song_id=#{song_id}
	</delete>
</mapper>       